,full_text,username,created_at,clean_text,pred_label,confidence
0,Ahmad Doli Kurnia Respons Wacana Redenominasi Rupiah: Pemerintah Tinggal Ajukan DPR Akan Proses Wakil Ketua Badan Legislasi (Baleg) DPR RI dari Fraksi Partai Golkar Ahmad Doli Kurnia https://t.co/LXsd2zbyld #61TahunGolkar #golkarpedia #bahlillahadalia #ahmaddolikurnia https://t.co/MEBDQFwADT,,Sun Nov 23 23:11:40 +0000 2025,ahmad doli kurnia respons wacana redenominasi rupiah: pemerintah tinggal ajukan dpr akan proses wakil ketua badan legislasi (baleg) dpr ri dari fraksi partai golkar ahmad doli kurnia 61tahungolkar golkarpedia bahlillahadalia ahmaddolikurnia,netral,0.9819213151931763
1,@Kanseulir minimal simpan di LEDGER nano lah hari gini nyimpen di bank di brankas mereka itu cerdas tapi licik mengendapkan sosialisasi teknologi ke rakyat tapi mereka bergerak duluan duit mereka di staking j tiap detik duitnya bertambah btw.. redenominasi gw setuju,,Tue Sep 09 09:46:56 +0000 2025,minimal simpan di ledger nano lah hari begini menyimpan di bank di brankas mereka itu cerdas tapi licik mengendapkan sosialisasi teknologi ke rakyat tapi mereka bergerak duluan duit mereka di staking saja tiap detik duitnya bertambah btw.. redenominasi gue setuju,negatif,0.8941677808761597
2,@KemenperinRI Cukup Kan udah redenominasi,,Tue Nov 11 12:37:21 +0000 2025,cukup kan sudah redenominasi,netral,0.9725409150123596
3,Iyak redenominasi ntar harga ip 17 jadi Rp. 25.000,,Tue Nov 11 15:33:23 +0000 2025,iya redenominasi entar harga ip 17 jadi rp. 25.000,netral,0.9821377992630005
4,Wacana ini bukan barang baru. Sudah berkali-kali rencana serupa muncul tapi tak terealisasi. Ada sejumlah hal yang perlu dipertimbangkan. #Ekonomi #AdadiKompas https://t.co/2MY4FfeNnT,,Wed Nov 12 05:21:46 +0000 2025,wacana ini bukan barang baru. sudah berkali-kali rencana serupa muncul tapi tak terealisasi. ada sejumlah hal yang perlu dipertimbangkan. ekonomi adadikompas,negatif,0.9471156597137451
5,Purbaya soal Redenominasi Rupiah: Kebijakan Bank Sentral Diterapkan Sesuai Kebutuhan https://t.co/NRKJjikoWb,,Mon Nov 10 14:10:00 +0000 2025,purbaya soal redenominasi rupiah: kebijakan bank sentral diterapkan sesuai kebutuhan,netral,0.9799824953079224
6,Aku berharap waktu Redenominasi saldo rekeningku lupa diedit sama BCA,,Mon Nov 10 12:20:40 +0000 2025,aku berharap waktu redenominasi saldo rekeningku lupa diedit sama baca,netral,0.9775788187980652
7,@AbahBerry01 Akankah Redenominasi Rupiah segera diberlakukan oleh P'@prabowo @Gerindra (bos Prof.@bang_dasco P'@MuzaniGerindra @Fraksi_Gerindra om: @sjafriesjams @fadlizon @A_rizapatria &amp; @Dahnilanzar)?,,Wed Sep 10 02:42:24 +0000 2025,akankah redenominasi rupiah segera diberlakukan oleh p' (bos prof. p' om: &amp; )?,netral,0.964450478553772
8,WACANA PANAS! Pemerintah Kembali Bahas Redenominasi Rupiah Nol Rupiah Bakal Dihilangkan #RedenominasiRupiah #EkonomiNasional #BeritaEkonomi #PurbayaYudhiSadewa #Kemenkeu #IstanaNews #UangRupiah #ReformasiMoneter #BreakingNews #BeritaViral #FYPIndonesia #EkonomiIndonesia https://t.co/2xUPpNs443,,Mon Nov 10 11:56:22 +0000 2025,wacana panas! pemerintah kembali bahas redenominasi rupiah nol rupiah bakal dihilangkan redenominasirupiah ekonominasional beritaekonomi purbayayudhisadewa kemenkeu istananews uangrupiah reformasimoneter breakingnews beritaviral fypindonesia ekonomiindonesia,netral,0.9813527464866638
9,Redenominasi Rupiah Kembali Dibahas Dunia Usaha Tenang Pemerintah Tekankan Tahapan dan Koordinasi https://t.co/7GnTBRvnkF,,Wed Nov 12 03:32:24 +0000 2025,redenominasi rupiah kembali dibahas dunia usaha tenang pemerintah tekankan tahapan dan koordinasi,netral,0.9788550734519958
10,@yuppykenyyal Udah ikut program redenominasi cull?,,Thu Nov 13 00:48:40 +0000 2025,sudah ikut program redenominasi cull?,negatif,0.873745322227478
11,#ngalorngidul ngomongin redenominasi itu ranahnya om perry kalo bener kejadian keknya composite bakal naik vol transaksinya misal small caps saham 50. setick itu = 1 (2%) di redenom jadi 0.05 ya masa setick 1 juga tapi ga mgkn juga 0.001. mgkn bisa beli per 1 lembar ?,,Mon Nov 10 07:00:58 +0000 2025,ngalorngidul mengomongkan redenominasi itu ranahnya om perry kalo benar kejadian kayaknya composite bakal naik vol transaksinya misal small caps saham 50. setick itu = 1 (2%) di redenom jadi 0.05 ya masa setick 1 juga tapi enggak mungkin juga 0.001. mungkin bisa beli per 1 lembar ?,negatif,0.9514830708503723
12,@akhaanwar @benny_wiseguy @vespamatic96 Redenominasi mata uang adalah proses mengurangi nilai nominal uang dengan menghilangkan nol misalnya Rp 1.000 jadi Rp 1 baru. Ini berlaku secara lokal untuk kemudahan transaksi tapi nilai tukar global tetap sama karena daya beli asli tak berubah. Contoh: Jika 1 USD = Rp 15.000,,Thu Jan 15 16:27:01 +0000 2026,redenominasi mata uang adalah proses mengurangi nilai nominal uang dengan menghilangkan nol misalnya rp 1.000 jadi rp 1 baru. ini berlaku secara lokal untuk kemudahan transaksi tapi nilai tukar global tetap sama karena daya beli asli tak berubah. contoh: jika 1 usd = rp 15.000,positif,0.84110426902771
13,Belakangan banyak yang bertanya soal Redenominasi Sederhananya angka 000 akan dihilangkan sehingga Rp 1000 akan jadi Rp 1 Apa pengaruh Redenominasi terhadap pasar modal? Sebagai Manajer Investasi yang kira2 akan terjadi sebagai berikut https://t.co/eZZUTX1Cjn,,Wed Dec 10 18:13:15 +0000 2025,belakangan banyak yang bertanya soal redenominasi sederhananya angka 000 akan dihilangkan sehingga rp 1000 akan jadi rp 1 apa pengaruh redenominasi terhadap pasar modal? sebagai manajer investasi yang kira-kira akan terjadi sebagai berikut,netral,0.9567115902900696
14,3 Negara Ini Siap Redenominasi Mata Uang Nol Terlalu Banyak Jadi Masalah! https://t.co/anTMmIfStB https://t.co/PYuvqhOhfp,,Wed Nov 12 10:59:26 +0000 2025,3 negara ini siap redenominasi mata uang nol terlalu banyak jadi masalah!,negatif,0.8998202085494995
15,Redenominasi Rupiah Butuh Sosialisasi dan Waktu Transisi yang Matang https://t.co/AGbvsVvOLG,,Wed Nov 12 03:46:10 +0000 2025,redenominasi rupiah butuh sosialisasi dan waktu transisi yang matang,netral,0.9814119935035706
16,@rrembulam kalo udah di redenominasi itu nominalnya gede kak,,Sun Nov 23 11:40:57 +0000 2025,kalo sudah di redenominasi itu nominalnya gede kak,negatif,0.8522530198097229
17,Redenominasi bikin rakyat lebih gampang adaptasi sama sistem keuangan global. https://t.co/r1QMRozkjd,,Wed Nov 12 05:22:17 +0000 2025,redenominasi bikin rakyat lebih gampang adaptasi sama sistem keuangan global.,positif,0.8364547491073608
18,Kepala Departemen Komunikasi BI Ramdan Denny Prakoso menyampaikan implementasi redenominasi mempertimbangkan waktu yang tepat stabilitas politik ekonomi sosial serta kesiapan teknis termasuk hukum logistik dan teknologi informasi. Sumber: https://t.co/OyvPc0jojO | https://t.co/6dSeSAC18n,,Mon Nov 10 06:55:07 +0000 2025,kepala departemen komunikasi bi ramdan denny prakoso menyampaikan implementasi redenominasi mempertimbangkan waktu yang tepat stabilitas politik ekonomi sosial serta kesiapan teknis termasuk hukum logistik dan teknologi informasi. sumber: |,netral,0.9717526435852051
19,MENDING NOCIL APA NORAMAI? Pemerintah mau Redenominasi (potong tiga nol: Rp10.000 jadi Rp10). Tujuannya biar Rupiah kelihatan keren dan hitungan gak ribet. Gimana nih reaksi kamu? ,,Mon Nov 10 14:49:51 +0000 2025,mending nocil apa noramai? pemerintah mau redenominasi (potong tiga nol: rp10.000 jadi rp10). tujuannya biar rupiah kelihatan keren dan hitungan enggak ribet. bagaimana nih reaksi kamu?,negatif,0.9432827830314636
20,@AbahBerry01 Redenominasi rupiah taunya malah tetep nyusahin rakyat middle to low. Karena koruptor itu bisa jadi koruptor karena pinter dan penuh jaringan. Yg disimpen dolar emas dan aset milyaran sampe trilyunan,,Tue Sep 09 04:42:15 +0000 2025,redenominasi rupiah taunya malah tetap menyusahkan rakyat middle tapi low. karena koruptor itu bisa jadi koruptor karena pintar dan penuh jaringan. yang disimpen dolar emas dan aset milyaran sampai trilyunan,negatif,0.996147632598877
21,Kalau perekonomian Indonesia mau cepat membaik selain redenominasi PPATK harus beneran kerja dan isinya harus orang orang jenius dan berintegritas sih. Kalau gak sepaket ya bocor terus ke Luar Negeri. Makin berasa dijajah Singapore ini kita nanti. Dan makin paraaaah. ,,Mon Nov 24 08:11:06 +0000 2025,kalau perekonomian indonesia mau cepat membaik selain redenominasi ppatk harus benaran kerja dan isinya harus orang orang jenius dan berintegritas sih. kalau enggak sepaket ya bocor terus ke luar negeri. makin berasa dijajah singapore ini kita nanti. dan makin paraaaah.,negatif,0.9542930126190186
22,mantap! Redenominasi bikin Rupiah makin simpel https://t.co/LQznYl9De0,,Mon Nov 10 11:40:06 +0000 2025,mantap! redenominasi bikin rupiah makin simpel,positif,0.995713472366333
23,@bangyoan @scrnsyt yes kebetulan di aku rupiahnya udh redenominasi ,,Mon Jan 19 02:04:55 +0000 2026,yes kebetulan di aku rupiahnya sudah redenominasi,netral,0.9757011532783508
24,DPR minta redenominasi rupiah didahului kepastian stabilitas ekonomi dan politik #dprri #redenominasi #ekonomi #uang #beritaterkini https://t.co/ERYn4cYBlX,,Tue Nov 11 09:38:10 +0000 2025,dpr meminta redenominasi rupiah didahului kepastian stabilitas ekonomi dan politik dprri redenominasi ekonomi uang beritaterkini,netral,0.9808802008628845
25,Wacana Redenominasi Rp1000 ke Rp1 Dinilai Beri Dampak Psikologis ke Warga RI https://t.co/exu8PVAk62,,Tue Nov 18 02:23:10 +0000 2025,wacana redenominasi rp1000 ke rp1 dinilai beri dampak psikologis ke warga ri,netral,0.9813134670257568
26,@somexthread yg nyimpen duit banyak dan duit ilegal pasti ga setujuh.. redenominasi sebenarnya sudah lama di buat oleh masyarakat. contoh klo masyarakat jawa bilang 1jta itu seribu terus 1k 10k 100k dst. cuma ini mau di bikin resmi oleh pemerintah ,,Thu Nov 13 03:06:44 +0000 2025,yang menyimpan duit banyak dan duit ilegal pasti enggak setujuh.. redenominasi sebenarnya sudah lama di buat oleh masyarakat. contoh kalo masyarakat jawa bilang 1jta itu seribu terus 1k 10k 100k dst. cuma ini mau di bikin resmi oleh pemerintah,negatif,0.9955131411552429
27,3 hours ago@Blablablablay Pas banget habis liat podcast pak said didu menurut beliau kira2 7000T uang gelap ga ada dipasaran. Kalo ada redenominasi wow duit itu balik,,Thu Sep 04 14:26:57 +0000 2025,3 hours ago pas banget habis lihat podcast pak said didu menurut beliau kira-kira 7000t uang gelap enggak ada dipasaran. kalo ada redenominasi wow duit itu balik,negatif,0.9867080450057983
28,Ketua HILMI Beberkan Empat Telaah Kritis Rencana Redenominasi Pemerintah https://t.co/X7RID5mj7N,,Thu Nov 20 21:58:12 +0000 2025,ketua hilmi beberkan empat telaah kritis rencana redenominasi pemerintah,netral,0.9808626174926758
29,Eh anjir beneran udh redenominasi?,,Tue Nov 25 13:02:54 +0000 2025,eh anjir benaran sudah redenominasi?,negatif,0.9829429388046265
30,Wacana redenominasi rupiah penyederhanaan nilai mata uang dari Rp1.000 menjadi Rp1 misalnya adalah langkah maju yang berpotensi membawa angin segar bagi sistem moneter di Indonesia. Meskipun bukan hal baru kebijakan ini terus dikaji oleh pemerintah dan Bank Indonesia (BI) https://t.co/JVpqe5EN17,,Mon Nov 24 13:45:07 +0000 2025,wacana redenominasi rupiah penyederhanaan nilai mata uang dari rp1.000 menjadi rp1 misalnya adalah langkah maju yang berpotensi membawa angin segar bagi sistem moneter di indonesia. meskipun bukan hal baru kebijakan ini terus dikaji oleh pemerintah dan bank indonesia (bi),positif,0.8446465730667114
31,@AbahBerry01 Tdk perlu redenominasi. Ganti total aja lembar bentuk dan warnanya jangka waktu penukaran dlm waktu singkat dan pakai penukaran maksimal. Diatas 10 juta harus antri ulang. Jd koruptor sewa org miskin utk antri imbalannya 30% dari yg ditukar. @prabowo,,Tue Sep 09 03:56:53 +0000 2025,tidak perlu redenominasi. ganti total saja lembar bentuk dan warnanya jangka waktu penukaran dalam waktu singkat dan pakai penukaran maksimal. diatas 10 juta harus antri ulang. jadi koruptor sewa orang miskin untuk antri imbalannya 30% dari yang ditukar.,negatif,0.9938092827796936
32,purbaya top redenominasi bakal bantu ekonomi naik kelas https://t.co/7X1HHEW30t,,Mon Nov 10 20:54:43 +0000 2025,purbaya top redenominasi bakal bantu ekonomi naik kelas,netral,0.978095531463623
33,redenominasi warga FB sudah dari lama menganut itu.,,Mon Nov 10 07:45:13 +0000 2025,redenominasi warga fb sudah dari lama menganut itu.,netral,0.9015992879867554
34,sedih bgt kena redenominasi duluan https://t.co/gmkxj3aYAC,,Mon Nov 17 06:48:31 +0000 2025,sedih banget kena redenominasi duluan,negatif,0.9952319264411926
35,Apa Dampak Redenominasi Rupiah dari Rp 1000 Jadi Rp 1? Ini Penjelasannya https://t.co/ryzsE4GHj6,,Thu Nov 13 06:11:05 +0000 2025,apa dampak redenominasi rupiah dari rp 1000 jadi rp 1? ini penjelasannya,netral,0.9769108891487122
36,@FrSiddiq90692 @GNFI Ya redenominasi Rupiah berpotensi menjadi angin segar bagi Indonesia karena menyederhanakan nilai nominal dan meningkatkan efisiensi transaksi harian. Langkah ini tidak mengubah daya beli riil melainkan memperkuat kredibilitas mata uang di mata internasional jika inflasi tetap,,Mon Nov 10 08:34:18 +0000 2025,ya redenominasi rupiah berpotensi menjadi angin segar bagi indonesia karena menyederhanakan nilai nominal dan meningkatkan efisiensi transaksi harian. langkah ini tidak mengubah daya beli riil melainkan memperkuat kredibilitas mata uang di mata internasional jika inflasi tetap,positif,0.9727296829223633
37,Terus tujuan Redenominasi ini apa sih? Tujuannya itu : 1. Menyederhanakan angka nol di rupiah 2. meningkatkan efesiensi belanja 3. memperkuat kredibilitas rupiah Jadi tidak ada hubungannya atau pengaruh ke nilai rupiah akan makin menguat,,Tue Nov 11 23:23:03 +0000 2025,terus tujuan redenominasi ini apa sih? tujuannya itu : 1. menyederhanakan angka nol di rupiah 2. meningkatkan efesiensi belanja 3. memperkuat kredibilitas rupiah jadi tidak ada hubungannya atau pengaruh ke nilai rupiah akan makin menguat,positif,0.8866341710090637
38,Redenominasi Rupiah Danantara Sebut Tak Ganggu Investasi Pemerintah Pastikan Belum Dilakukan dalam Waktu Dekat https://t.co/Hu6GqBNAoX,,Tue Nov 11 13:16:52 +0000 2025,redenominasi rupiah danantara sebut tak ganggu investasi pemerintah pastikan belum dilakukan dalam waktu dekat,netral,0.9828484058380127
39,Jalan menuju redenominasi rupiah semakin jelas arahnya. Anggota Komisi XI DPR RI H. Kamrussamad menegaskan bahwa rencana penyederhanaan rupiah kini telah masuk dalam Prolegnas Jangka Menengah 2025 2029 melalui RUU Perubahan Harga Rupiah. https://t.co/1jAGIySmrM,,Mon Nov 17 12:44:54 +0000 2025,jalan menuju redenominasi rupiah semakin jelas arahnya. anggota komisi xi dpr ri h. kamrussamad menegaskan bahwa rencana penyederhanaan rupiah kini telah masuk dalam prolegnas jangka menengah 2025 2029 melalui ruu perubahan harga rupiah.,netral,0.977764904499054
40,Dengan redenominasi duit haram bakal makin susah disamarkan karena sistem jadi lebih ketat. https://t.co/m69Qb0hYuq,,Fri Nov 21 06:26:08 +0000 2025,dengan redenominasi duit haram bakal makin susah disamarkan karena sistem jadi lebih ketat.,negatif,0.9721377491950989
41,keep it lowkey btw itu rupiahnya uda di redenominasi yaa https://t.co/iDvmP5Cnw6,,Tue Nov 25 10:31:04 +0000 2025,keep itu lowkey btw itu rupiahnya sudah di redenominasi ya,netral,0.8335707187652588
42,Redenominasi bikin rakyat lebih aware soal nilai uang edukasi finansial makin gampang. https://t.co/YDft7oT0iB,,Wed Nov 12 05:04:06 +0000 2025,redenominasi bikin rakyat lebih aware soal nilai uang edukasi finansial makin gampang.,positif,0.9630216360092163
43,INDONESIA MENDUKUNG REDENOMINASI PURBAYA - Sign the Petition! https://t.co/Fyeosl75dM lewat @ChangeOrg_ID,,Wed Nov 26 07:20:59 +0000 2025,indonesia mendukung redenominasi purbaya - sign the petition! lewat,netral,0.8986642956733704
44,Komisi 11 DPR RI menekankan bahwa redenominasi rupiah membutuhkan persiapan yang matang. https://t.co/sld3eFrM0B,,Mon Nov 24 14:10:53 +0000 2025,komisi 11 dpr ri menekankan bahwa redenominasi rupiah membutuhkan persiapan yang matang.,netral,0.9822225570678711
45,Darmadi Sepakat BI: Redenominasi Belum Tepat Secara Akademis Ada Syarat Ketat yang Harus Dipenuhi https://t.co/YTINGgUhjl,,Sat Nov 15 10:47:32 +0000 2025,darmadi sepakat bi: redenominasi belum tepat secara akademis ada syarat ketat yang harus dipenuhi,netral,0.9835931062698364
46,@ARSIPAJA Bagus Pak. Saya tambahin kritik saya: redenominasi tidak perlu. Vietnam 32.000 aman-aman saja kok. Biarin saja dibilang garbage currency yang penting bahagia persepsi ga bisa dimakan Pak ,,Mon Nov 17 09:44:40 +0000 2025,bagus pak. saya tambahkan kritik saya: redenominasi tidak perlu. vietnam 32.000 aman-aman saja kok. biarkan saja dibilang garbage currency yang penting bahagia persepsi enggak bisa dimakan pak,negatif,0.9050071239471436
47,CARA HANCURKAN KORUPTOR DALAM Sekejap! Prabowo WAJIB REDENOMINASI!! https://t.co/sF2ZcFaJxA lewat @YouTube,,Thu Sep 04 12:13:35 +0000 2025,cara hancurkan koruptor dalam sekejap! prabowo wajib redenominasi!! lewat,negatif,0.9946322441101074
48,@vespamatic96 misal redenominasi diberlakukan apakah tetap sama?,,Thu Jan 15 22:04:33 +0000 2026,misal redenominasi diberlakukan apakah tetap sama?,netral,0.8034864068031311
49,Redenominasi Rupiah: Wacana Purbaya Ubah Struktur Mata Uang Apa Dampaknya? Menteri Keuangan Purbaya Yudhi Sadewa menghidupkan kembali wacana besar: redenominasi rupiah. [Thread],,Mon Nov 10 08:31:24 +0000 2025,redenominasi rupiah: wacana purbaya ubah struktur mata uang apa dampaknya? menteri keuangan purbaya yudhi sadewa menghidupkan kembali wacana besar: redenominasi rupiah. [thread],netral,0.9658318758010864
50,Bagaimana seharusnya masyarakat merespon hal tersebut? Baca berita selengkapnya disini: https://t.co/ephFIFhB54,,Mon Nov 10 09:27:53 +0000 2025,bagaimana seharusnya masyarakat merespon hal tersebut? baca berita selengkapnya disini:,negatif,0.9649113416671753
51,PENJELASAN GUBERNUR BI TENTANG REDENOMINASI UANG RUPIAH AGAR LEBIH PAHAM.. https://t.co/RYH3rmQlYb,,Fri Nov 21 09:15:19 +0000 2025,penjelasan gubernur bi tentang redenominasi uang rupiah agar lebih paham..,netral,0.9794310927391052
52,Dengan redenominasi harga barang tetap sama cuma nolnya aja yang dikurangin biar simpel. https://t.co/swtdzzevEC,,Sat Nov 22 10:42:08 +0000 2025,dengan redenominasi harga barang tetap sama cuma nolnya saja yang dikurangin biar simpel.,negatif,0.9876794815063477
53,https://t.co/BOg71eNPE1,,Tue Nov 25 10:26:35 +0000 2025,,positif,0.8911839723587036
54,@fuckmefriendd Postingnya kecepettan tunggu redenominasi dulu hahaha,,Mon Nov 24 12:20:35 +0000 2025,postingnya kecepettan tunggu redenominasi dulu hahaha,netral,0.7697590589523315
55,Redenominasi Rupiah Rp1000 Jadi Rp1: Simbol Wibawa dan Kedaulatan Mata Uang #Redenominasi #Rupiah #MenteriKeuangan #PurbayaYudhiSadewa #SNN #SIBNewsNetwork #sibtv #news https://t.co/2caHKnhYtY,,Wed Nov 12 08:00:01 +0000 2025,redenominasi rupiah rp1000 jadi rp1: simbol wibawa dan kedaulatan mata uang redenominasi rupiah menterikeuangan purbayayudhisadewa snn sibnewsnetwork sibtv news,netral,0.9800874590873718
56,@tanyarlfes kalo itu uang pecahan baru redenominasi maka nilainya sama dengan Rp. 1 juta uang sekarang. disimpan saja atau kalau mau dibelanjakan sekarang untuk beli gorengan pinggir jalan dapat 2 biji.,,Thu Jan 08 22:47:56 +0000 2026,kalo itu uang pecahan baru redenominasi maka nilainya sama dengan rp. 1 juta uang sekarang. disimpan saja atau kalau mau dibelanjakan sekarang untuk beli gorengan pinggir jalan dapat 2 biji.,negatif,0.8300700187683105
57,payment gateway sng nggawe digit terakhir bakal rodok ngelu lek sido redenominasi,,Mon Nov 10 14:52:18 +0000 2025,payment gateway sng nggawe digit terakhir bakal rodok ngelu lek sido redenominasi,negatif,0.7993931770324707
58,uda redenominasi aja ini https://t.co/8H9XPxn54I,,Thu Nov 13 06:39:55 +0000 2025,sudah redenominasi saja ini,negatif,0.9718724489212036
59,Redenominasi bukan tentang berapa nol yang dihapus tetapi seberapa besar kita mampu menjaga nilai di baliknya nilai kepercayaan kesederhanaan dan kebijakan yang berpihak pada rakyat. https://t.co/C796p7VPzn,,Wed Nov 12 14:25:24 +0000 2025,redenominasi bukan tentang berapa nol yang dihapus tetapi seberapa besar kita mampu menjaga nilai di baliknya nilai kepercayaan kesederhanaan dan kebijakan yang berpihak pada rakyat.,positif,0.9534345269203186
60,@amaonster omg congrats redenominasi,,Mon Nov 24 05:23:00 +0000 2025,omg congrats redenominasi,netral,0.9406740069389343
61,Pemerintah melalui Purbaya Yudhi Sadewa sebagai Menteri Keuangan kembali mengaktifkan wacana penyederhanaan mata uang rupiah (redenominasi) misalnya ide dari Rp 1.000 menjadi Rp 1 tanpa merubah daya beli masyarakat. https://t.co/ihBeBhcKg9,,Tue Nov 11 04:44:29 +0000 2025,pemerintah melalui purbaya yudhi sadewa sebagai menteri keuangan kembali mengaktifkan wacana penyederhanaan mata uang rupiah (redenominasi) misalnya ide dari rp 1.000 menjadi rp 1 tanpa merubah daya beli masyarakat.,netral,0.9795547127723694
62,Kemenkeu Harus Penuhi Prasyarat Sebelum Redenominasi Rupiah https://t.co/ul11wP5q5h,,Tue Nov 11 08:21:55 +0000 2025,kemenkeu harus penuhi prasyarat sebelum redenominasi rupiah,netral,0.9786903858184814
63,@susno2g @DPR_RI @PurbayaYudhi @KemenkeuRI @tempodotco @detikcom @tribunnews Makanya Gw setuju @KemenkeuRI lakukan Redenominasi Uang RI biar para Tikus Berdasi kelimpungan akibat uangnya kagak laku...,,Wed Nov 26 05:27:12 +0000 2025,makanya gue setuju lakukan redenominasi uang ri biar para tikus berdasi kelimpungan akibat uangnya kagak laku...,negatif,0.9871550798416138
64,@GNFI Gaes seandainya aku punya Investasi di Emas yang nilainya saat ini Rp 40.000.000 00an dan terjadi Redenominasi padahal aku belinya cukup menguras tabungan kira² apa yang akan terjadi ? Mohon bantuan pencerahannya teman² bukan seorang ekonom soalnya.,,Tue Nov 25 23:28:48 +0000 2025,gaes seandainya aku punya investasi di emas yang nilainya saat ini rp 40.000.000 00an dan terjadi redenominasi padahal aku belinya cukup menguras tabungan kira² apa yang akan terjadi ? mohon bantuan pencerahannya teman² bukan seorang ekonom soalnya.,negatif,0.9833859801292419
65,Seribu jadi satu tapi siapa yang paling panik? #Purbaya #redenominasi #rupiah #Menkeu #PurbayaYudhiSadewa #koruptor #Kemenkeu #pinterpolitik #infografis #politikindonesia #beritapolitik #beritapolitikterkini https://t.co/33cZALSuIb,,Mon Nov 10 14:00:01 +0000 2025,seribu jadi satu tapi siapa yang paling panik? purbaya redenominasi rupiah menkeu purbayayudhisadewa koruptor kemenkeu pinterpolitik infografis politikindonesia beritapolitik beritapolitikterkini,negatif,0.8618224263191223
66,yang redenominasi gmn yh,,Sun Dec 28 02:05:40 +0000 2025,yang redenominasi bagaimana ya,netral,0.8548703193664551
67,Udah redenominasi aja Lumayan bisa Percin 3 kali sama rolet https://t.co/6hF3KfLRWW,,Mon Nov 10 10:57:56 +0000 2025,sudah redenominasi saja lumayan bisa percin 3 kali sama rolet,netral,0.7741872072219849
68,Akhirnya bisa ikutan tren keuangan. Sebelum redenominasi udah duluan termyata https://t.co/BvJtp8hcau,,Tue Nov 11 08:47:21 +0000 2025,akhirnya bisa ikutan tren keuangan. sebelum redenominasi sudah duluan termyata,netral,0.9582968950271606
69, Kami ingin kebijakan ini berjalan hati-hati dan tidak menimbulkan gangguan di lapangan. Fokus utamanya adalah kejelasan tahapan dan kesiapan masyarakat https://t.co/hEWvcAlsY4 #partaigolkar #golkarpedia #61tahungolkar #bahlillahadalia https://t.co/N5IjK0kOcm,,Wed Nov 12 12:09:46 +0000 2025,kami ingin kebijakan ini berjalan hati-hati dan tidak menimbulkan gangguan di lapangan. fokus utamanya adalah kejelasan tahapan dan kesiapan masyarakat partaigolkar golkarpedia 61tahungolkar bahlillahadalia,positif,0.9327951073646545
70,BI Tegaskan Redenominasi Rupiah Siap Dibahas di Prolegnas 2025-2029 https://t.co/P9dyJW7i5n,,Mon Nov 10 06:14:36 +0000 2025,bi tegaskan redenominasi rupiah siap dibahas di prolegnas 2025-2029,netral,0.9800183176994324
71,POV Indo kalau Redenominasi Rupiah:,,Tue Nov 25 13:46:50 +0000 2025,pov indonesia kalau redenominasi rupiah:,netral,0.9799575209617615
72,Lalu sahamnya ijo. Redenominasi itu memperkuat mata uang karena membunuh receh. Berapa trilyun uang receh yang hilang kembali nilainya ke Bank Sentral.,,Mon Oct 06 01:40:01 +0000 2025,lalu sahamnya ijo. redenominasi itu memperkuat mata uang karena membunuh receh. berapa trilyun uang receh yang hilang kembali nilainya ke bank sentral.,netral,0.7551282644271851
73,Dalam beleid juga diterangkan alasan pentingnya penyusunan RUU Redenominasi. https://t.co/Dox0zrf8Gg,,Tue Nov 25 01:10:41 +0000 2025,dalam beleid juga diterangkan alasan pentingnya penyusunan ruu redenominasi.,netral,0.982945442199707
74,@simarsmn Redenominasi duluan kah?,,Wed Nov 26 12:36:12 +0000 2025,redenominasi duluan kah?,negatif,0.9718160033226013
75,@caramecchiatto 7.500 setelah redenominasi?? Boleh dah ,,Fri Dec 12 11:10:11 +0000 2025,7.500 setelah redenominasi?? boleh deh,negatif,0.9373617768287659
76,Ia mengatakan ini karena kebijakan itu sepenuhnya ada di tangan Bank Indonesia selaku otoritas moneter walau telah jadi bagian dari rencana strategisnya buat menuntaskan landasan hukum redenominasi pada 2026-2027. #pdiperjuangan #anggotafraksipdiperjuangan #purbaya #ekonomi,,Thu Nov 13 05:00:16 +0000 2025,ia mengatakan ini karena kebijakan itu sepenuhnya ada di tangan bank indonesia selaku otoritas moneter walau telah jadi bagian dari rencana strategisnya buat menuntaskan landasan hukum redenominasi pada 2026-2027. pdiperjuangan anggotafraksipdiperjuangan purbaya ekonomi,netral,0.9744968414306641
77,Belum kita bahas. Ya tidak dalam waktu dekat ujar Airlangga di Kompleks Istana Kepresidenan Jakarta Senin (10/11). https://t.co/wxs3QRpsN7,,Tue Nov 11 05:50:32 +0000 2025,belum kita bahas. ya tidak dalam waktu dekat ujar airlangga di kompleks istana kepresidenan jakarta senin (10/11).,netral,0.9830880761146545
78,Tahapan Redenominasi Rupiah Bos BI Bilang Butuh Waktu 6 Tahun https://t.co/0H8vOprvnv,,Tue Nov 18 03:44:35 +0000 2025,tahapan redenominasi rupiah bos bi bilang butuh waktu 6 tahun,netral,0.9821902513504028
79,@_riverheaven Redenominasi baru sebatas rencana UUnya diperkirakan rampung 26/27 itupun kalau tdk ada hambatan. Wacana Redenominasi sudah ada saat pak Darmin Nasution saat di menjabat Gub BI. Kalau bisa terlaksana bagus banget.,,Mon Nov 10 08:03:00 +0000 2025,redenominasi baru sebatas rencana uunya diperkirakan rampung 26/27 itupun kalau tidak ada hambatan. wacana redenominasi sudah ada saat pak darmin nasution saat di menjabat gub bi. kalau bisa terlaksana bagus banget.,positif,0.9122003316879272
80,Pemerintah Hati-hati Negara Ini Pernah Gagal Redenominasi #Rendominasi #GagalRendominasi #Indonesia https://t.co/8PMB0zwCx3 https://t.co/Z0FU3y0hWQ,,Wed Nov 12 09:41:30 +0000 2025,pemerintah hati-hati negara ini pernah gagal redenominasi rendominasi gagalrendominasi indonesia,netral,0.9779389500617981
81,Dah ah mau mandi terus mencari rupiah yg katanya mau redenominasi itu,,Sun Dec 07 23:11:39 +0000 2025,deh ah mau mandi terus mencari rupiah yang katanya mau redenominasi itu,negatif,0.9459215998649597
82,Keep it lowkey (udah redenominasi duluan) ‍️ https://t.co/wHRmPgQNqn,,Wed Nov 26 10:49:03 +0000 2025,keep itu lowkey (udah redenominasi duluan) ‍,negatif,0.7751165628433228
83,Halo Sahabat https://t.co/4VOOkFAPN4 Pemerintah tengah menyiapkan Rancangan Undang-Undang (RUU) Redenominasi Rupiah yang ditargetkan rampung pada tahun 2027. Melalui kebijakan ini nilai nominal rupiah akan disederhanakan dengan menghapus tiga angka nol. Misalnya Rp1.000 akan https://t.co/GfpIEgfotW,,Thu Nov 13 07:38:21 +0000 2025,halo sahabat pemerintah tengah menyiapkan rancangan undang-undang (ruu) redenominasi rupiah yang ditargetkan rampung pada tahun 2027. melalui kebijakan ini nilai nominal rupiah akan disederhanakan dengan menghapus tiga angka nol. misalnya rp1.000 akan,netral,0.9745219349861145
84,INDONESIA MENDUKUNG REDENOMINASI PURBAYA - Tandatangani Petisi! https://t.co/QhGSfAnzIL lewat @ChangeOrg_ID,,Wed Jan 28 02:10:24 +0000 2026,indonesia mendukung redenominasi purbaya - tandatangani petisi! lewat,netral,0.8491598963737488
85,Bismillah Indonesia bisa dibangun lagi jadi lebih baik. Semoga ini isu redenominasi para manusia yang bikin Indonesia miskin dan belansak diduga lagi pada nukerin uang cash rupiahnya ke mata uang Asing terutama SGD. Gapapa gue kasih dugaan gue di sini siapa tau PPATK mau gerak.,,Tue Nov 25 11:44:42 +0000 2025,bismillah indonesia bisa dibangun lagi jadi lebih baik. semoga ini isu redenominasi para manusia yang bikin indonesia miskin dan belansak diduga lagi pada nukerin uang cash rupiahnya ke mata uang asing terutama sgd. gapapa gue kasih dugaan gue di sini siapa tau ppatk mau gerak.,negatif,0.9748855233192444
86,Rencana ini tertuang dalam Peraturan Menteri Keuangan (PMK) Nomor 70 Tahun 2025 tentang Rencana Strategis Kementerian Keuangan Tahun 2025-2029. Redenominasi bertujuan menyederhanakan penyebutan mata uang dan mempermudah transaksi. Source: IDX Channel #growwin #Redenominasi,,Tue Nov 11 02:52:17 +0000 2025,rencana ini tertuang dalam peraturan menteri keuangan (pmk) nomor 70 tahun 2025 tentang rencana strategis kementerian keuangan tahun 2025-2029. redenominasi bertujuan menyederhanakan penyebutan mata uang dan mempermudah transaksi. source: idx channel growwin redenominasi,netral,0.9787358641624451
87,Galeri No. RDN008 ~ Apa jadinya jika Rupiah menguat tanpa harus redenominasi : Yuk Kita Shop di kala Pagiii https://t.co/BHbbgEw677,,Tue Dec 09 01:24:11 +0000 2025,galeri no. rdn008 ~ apa jadinya jika rupiah menguat tanpa harus redenominasi : yuk kita shop di kala pagiii,netral,0.9830248355865479
88,mantap! Redenominasi bikin Rupiah lebih simpel dan efisien https://t.co/d0XLhb6N7p,,Tue Nov 11 11:54:43 +0000 2025,mantap! redenominasi bikin rupiah lebih simpel dan efisien,positif,0.9949455857276917
89,ANGGOTA Komisi XI DPR RI Fraksi PDI Perjuangan Harris Turino menyoroti soal wacana redenominasi rupiah 1.000:1. Pemerintah menargetkan kerangka regulasi redenominasi rampung sekitar 2026-2027. https://t.co/lKJduS9KID,,Mon Nov 10 11:42:20 +0000 2025,anggota komisi xi dpr ri fraksi pdi perjuangan harris turino menyoroti soal wacana redenominasi rupiah 1.000:1. pemerintah menargetkan kerangka regulasi redenominasi rampung sekitar 2026-2027.,netral,0.9803429245948792
90,CARA HANCURKAN KORUPTOR DALAM Sekejap! Prabowo WAJIB REDENOMINASI!!,,Thu Sep 04 14:14:30 +0000 2025,cara hancurkan koruptor dalam sekejap! prabowo wajib redenominasi!!,negatif,0.9949626922607422
91,Sumber: https://t.co/ut4SiethII https://t.co/tT7PzLNkiv,,Tue Nov 11 02:54:07 +0000 2025,sumber:,netral,0.9792673587799072
92,Redenominasi Dinila Tak Pengaruhi Investasi https://t.co/ttPkxwDTUV,,Mon Nov 10 15:23:18 +0000 2025,redenominasi dinila tak pengaruhi investasi,netral,0.7677400708198547
93,INDONESIA MENDUKUNG REDENOMINASI PURBAYA - Sign the Petition! https://t.co/Sg5nJ0MTJo via @ChangeOrg_India,,Tue Nov 25 04:19:18 +0000 2025,indonesia mendukung redenominasi purbaya - sign the petition! via,netral,0.963826060295105
94,Klo RUU Perampasan Aset tidak disahkan DPR sebaiknya berlakukan saja Redenominasi. Uang harus ditukar di bank. Nanti yg menukar uang kontan lebih dari 1 M di bank harus menjelaskan asal usul uangnya. Bakalan pusing semua koruptor yg duitnya disimpan di bunker.,,Mon Oct 13 09:51:51 +0000 2025,kalo ruu perampasan aset tidak disahkan dpr sebaiknya berlakukan saja redenominasi. uang harus ditukar di bank. nanti yang menukar uang kontan lebih dari 1 sama di bank harus menjelaskan asal usul uangnya. bakalan pusing semua koruptor yang duitnya disimpan di bunker.,negatif,0.9942303895950317
95,@PKSejahtera info yang beredar di TL ini kebanyakan terbalik redenominasi dieksekusi karna hyperinflasi itu salah. yang sebenarnya terjadi kegagalan redenominasi jadikan kebijakan itu seperti tukar duit tuk kembalian pedagang hingga masyarakat jadi miskin coz 78-an https://t.co/XL91AeZSDT,,Sat Nov 15 10:43:04 +0000 2025,info yang beredar di tl ini kebanyakan terbalik redenominasi dieksekusi karena hyperinflasi itu salah. yang sebenarnya terjadi kegagalan redenominasi jadikan kebijakan itu seperti tukar duit untuk kembalian pedagang hingga masyarakat jadi miskin coz 78-an,negatif,0.9945183396339417
96,sedang menunggu penyepong redenominasi rupiah muncul ,,Sun Nov 23 11:01:56 +0000 2025,sedang menunggu penyepong redenominasi rupiah muncul,netral,0.9809257388114929
97,INDONESIA MENDUKUNG REDENOMINASI PURBAYA - Sign the Petition! https://t.co/M7fmI2gPop lewat @ChangeOrg_ID,,Wed Nov 12 06:33:57 +0000 2025,indonesia mendukung redenominasi purbaya - sign the petition! lewat,netral,0.8986642956733704
98,Redenominasi apa kabar? Biar angka dolar tahun depan jadi Rp 17 #eh https://t.co/YEDvgO0LAX,,Wed Nov 26 01:59:36 +0000 2025,redenominasi apa kabar? biar angka dolar tahun depan jadi rp 17 eh,netral,0.8626375198364258
99,Menkeu Purbaya pastikan redenominasi rupiah tak dilakukan tahun ini atau 2026 sebut kebijakan ada di tangan Bank Indonesia. https://t.co/Ov2GS9w2gI,,Mon Nov 10 12:02:02 +0000 2025,menkeu purbaya pastikan redenominasi rupiah tak dilakukan tahun ini atau 2026 sebut kebijakan ada di tangan bank indonesia.,netral,0.9835339188575745
100,Perlu persiapan matang sebelum pemerintah benar-benar menerapkan kebijakan redenominasi agar tidak memunculkan kebingungan dan kepanikan di masyarakat #Ekonomi #AdadiKompas https://t.co/o4P49i0kGZ,,Tue Nov 11 11:21:21 +0000 2025,perlu persiapan matang sebelum pemerintah benar-benar menerapkan kebijakan redenominasi agar tidak memunculkan kebingungan dan kepanikan di masyarakat ekonomi adadikompas,positif,0.8846101760864258
101,@fearlessbarb13 Apakah beli sepotong Roti'O seharga 10 rb = transaksi besar &gt; 100 jt? Ga usah mikir kejauhan sampe redenominasi deh.. digital divide itu nyata ga semua orang bs cashless. Bahkan di China yg digitalisasinya masif pun uang tunai itu ga boleh ditolak.,,Mon Dec 22 13:45:06 +0000 2025,apakah beli sepotong roti'o seharga 10 ribu = transaksi besar &gt; 100 jt? enggak usah mikir kejauhan sampai redenominasi deh.. digital divide itu nyata enggak semua orang bisa cashless. bahkan di china yang digitalisasinya masif pun uang tunai itu enggak boleh ditolak.,negatif,0.9284336566925049
102,Ini udah pada kena redenominasi kah?,,Tue Nov 25 01:07:32 +0000 2025,ini sudah pada kena redenominasi kah?,negatif,0.9913275837898254
103,@Angrha @Fuxnby @VeritasArdentur Redenominasi tanpa dibarengi demonetisasi mendadak sama aja boong. Makanya Purbaya sebenarnya gak setuju sama ide redenominasi.,,Mon Nov 17 07:48:57 +0000 2025,redenominasi tanpa dibarengi demonetisasi mendadak sama saja boong. makanya purbaya sebenarnya enggak setuju sama ide redenominasi.,negatif,0.994726836681366
104,Hi Tokonauts Tokocrypto akan mendukung pertukaran (swap) token Maker (MKR) redenominasi dan perubahan merek menjadi Sky (SKY). Kami akan menghapus semua pasangan perdagangan MKR pada 15 September 2025 pukul 10:30 WIB dan Semua token MKR akan ditukar ke SKY. Info https://t.co/c0aY3Vc5q2,,Thu Sep 11 12:27:00 +0000 2025,hi tokonauts tokocrypto akan mendukung pertukaran (swap) token maker (mkr) redenominasi dan perubahan merek menjadi sky (sky). kami akan menghapus semua pasangan perdagangan mkr pada 15 september 2025 pukul 10:30 wib dan semua token mkr akan ditukar ke sky. info,netral,0.9676241874694824
105,@safyansyah @BigAlphaID Yoi itu kurs setelah redenominasi kan?,,Tue Jan 20 19:21:04 +0000 2026,yoi itu kurs setelah redenominasi kan?,negatif,0.8698552846908569
106,@Untuk_Pelupa @SimbokeSarah @easyake Benar mencuri tetap dosa besar menurut ajaran Islam tak peduli skalanya kecil atau besar seperti firman Allah di Al-Maidah:38. Redenominasi rupiah hanyalah alat ekonomi untuk menyederhanakan angka bukan membenarkan korupsi yang merusak bangsa. Manusia memang pandai membingkai,,Tue Nov 11 10:52:36 +0000 2025,benar mencuri tetap dosa besar menurut ajaran islam tak peduli skalanya kecil atau besar seperti firman allah di al-maidah:38. redenominasi rupiah hanyalah alat ekonomi untuk menyederhanakan angka bukan membenarkan korupsi yang merusak bangsa. manusia memang pandai membingkai,negatif,0.9961532950401306
107,Redenominasi Dinilai Bakal Terganjal di Parlemen Ini Sebabnya https://t.co/KEpN4VHCk3,,Tue Dec 30 09:40:00 +0000 2025,redenominasi dinilai bakal terganjal di parlemen ini sebabnya,netral,0.9816168546676636
108,13 Desember 1965 - Redenominasi Hilangkan 3 nol sama seperti wacana beberapa tahun lalu. Beda dengan sanering teorinya adalah angka memendek namun daya beli sama. Cantik keliatannya karena ditutup bedak yang tebal. Hasilnya harga-harga kacau situasi politik memanas https://t.co/hjM2X28Vn7,,Wed Sep 10 03:53:01 +0000 2025,13 desember 1965 - redenominasi hilangkan 3 nol sama seperti wacana beberapa tahun lalu. beda dengan sanering teorinya adalah angka memendek namun daya beli sama. cantik kelihatannya karena ditutup bedak yang tebal. hasilnya harga-harga kacau situasi politik memanas,negatif,0.8355550169944763
109,@AdamVelcro Maka itu yg namanya redenominasi itu syaratnya adalah ketika ekonomi sdh stabil itu penyerdehanaan penulisan ngurangin angka nol saja dlm ekonomi bukan hal yg luar biasa,,Thu Nov 27 04:45:02 +0000 2025,maka itu yang namanya redenominasi itu syaratnya adalah ketika ekonomi sudah stabil itu penyerdehanaan penulisan ngurangin angka nol saja dalam ekonomi bukan hal yang luar biasa,negatif,0.9755519032478333
110,Soal Redenominasi Rupiah Istana: Belum Masih Jauh! https://t.co/69kkcIms3k,,Tue Nov 11 06:03:25 +0000 2025,soal redenominasi rupiah istana: belum masih jauh!,netral,0.9686073064804077
111,Kemarin ada isu dari kementrian keuangan katanya mau ada Redenominasi mata uang. Berarti 19 juta lapangan pekerjaan juga.,,Sat Nov 15 12:32:34 +0000 2025,kemarin ada isu dari kementrian keuangan katanya mau ada redenominasi mata uang. berarti 19 juta lapangan pekerjaan juga.,netral,0.9831042289733887
112,Komisi XI DPR Redenominasi rupiah butuh persiapan matang https://t.co/MHKhSj8Gb0,,Sat Nov 22 09:05:05 +0000 2025,komisi xi dpr redenominasi rupiah butuh persiapan matang,netral,0.9788585305213928
113,Anggota Komisi XI DPR Fraksi Golkar Eric Hermawan mengingatkan potensi inflasi jika rencana redenominasi rupiah dari Rp1.000 menjadi Rp1 benar-benar diterapkan. Ia menjelaskan bahwa meski langkah ini akan menyederhanakan transaksi dan pencatatan risiko kenaikan harga bisa https://t.co/TAfotO4uhi,,Thu Nov 13 09:11:30 +0000 2025,anggota komisi xi dpr fraksi golkar eric hermawan mengingatkan potensi inflasi jika rencana redenominasi rupiah dari rp1.000 menjadi rp1 benar-benar diterapkan. ia menjelaskan bahwa meski langkah ini akan menyederhanakan transaksi dan pencatatan risiko kenaikan harga bisa,netral,0.966529130935669
114,DPR Tunggu Keseriusan Pemerintah Menerapkan Redenominasi Rupiah https://t.co/jwZaXSI4ww,,Thu Nov 13 08:41:51 +0000 2025,dpr tunggu keseriusan pemerintah menerapkan redenominasi rupiah,netral,0.9811561107635498
115,@vespamatic96 Kalo gini doang mah ntar redenominasi rupiah juga jadi 3 angka 0 di belakang koma jadi ilang,,Thu Jan 15 14:01:50 +0000 2026,kalo begini doang mah entar redenominasi rupiah juga jadi 3 angka 0 di belakang koma jadi hilang,negatif,0.9739181399345398
116,Menkeu Purbaya tegaskan redenominasi merupakan ranah BI dan belum akan dijalankan dalam waktu dekat. Ikuti terus penjelasan terbaru soal kebijakan ini! #beritaviral #trending #jackpot168 #fyp #infoterupdate https://t.co/gY8xsLW0PC,,Tue Nov 11 11:37:42 +0000 2025,menkeu purbaya tegaskan redenominasi merupakan ranah bi dan belum akan dijalankan dalam waktu dekat. ikuti terus penjelasan terbaru soal kebijakan ini! beritaviral trending jackpot168 fyp infoterupdate,netral,0.9436749815940857
117,Pemerintah dan BI Matangkan Rencana Redenominasi Rupiah Menkeu Purbaya Pastikan Belum Dilakukan Dekat Ini https://t.co/nmRV8gOrQ6,,Wed Nov 12 06:17:59 +0000 2025,pemerintah dan bi matangkan rencana redenominasi rupiah menkeu purbaya pastikan belum dilakukan dekat ini,netral,0.9822627305984497
118,@rayestu @ardisatriawan Kalau ini caranya dengan redenominasi bukan menghilangkan uang cash dari transaksi,,Sun Dec 21 20:08:30 +0000 2025,kalau ini caranya dengan redenominasi bukan menghilangkan uang cash dari transaksi,netral,0.8994640111923218
119,Berbagai pemangku kebijakan mulai membahas langkah awal menuju redenominasi rupiah termasuk BRIN yang menyatakan siap melakukan riset dan memberi rekomendasi kebijakan. Kepala BRIN Arif Satria menegaskan bahwa lembaganya akan mendukung pemerintah dalam mengkaji penyederhanaan,,Wed Nov 26 06:12:58 +0000 2025,berbagai pemangku kebijakan mulai membahas langkah awal menuju redenominasi rupiah termasuk brin yang menyatakan siap melakukan riset dan memberi rekomendasi kebijakan. kepala brin arif satria menegaskan bahwa lembaganya akan mendukung pemerintah dalam mengkaji penyederhanaan,netral,0.9700464010238647
120, Baca selengkapnya di sini: https://t.co/ICSTvNkppK,,Thu Nov 13 08:11:00 +0000 2025,baca selengkapnya di sini:,netral,0.9690374135971069
121,OJK hingga SRO Ungkap Dampak Redenominasi Rupiah ke Pasar Modal https://t.co/o8ByhFoM0E via @InvestorID,,Sat Nov 15 09:54:00 +0000 2025,ojk hingga sro ungkap dampak redenominasi rupiah ke pasar modal via,netral,0.9792371988296509
122,Redenominasi Rupiah akankah dalam waktu dekat ? https://t.co/cMjoVFXsuV,,Sun Nov 16 19:08:50 +0000 2025,redenominasi rupiah akankah dalam waktu dekat ?,netral,0.9824877381324768
123,Latihan Redenominasi tahun 2027.... https://t.co/1Pj3uQo1ko,,Wed Nov 12 00:18:55 +0000 2025,latihan redenominasi tahun 2027....,netral,0.9838292002677917
124,INDONESIA MENDUKUNG REDENOMINASI PURBAYA - Tandatangani Petisi! https://t.co/JiLs5MftUh lewat @ChangeOrg_ID,,Wed Nov 12 02:01:00 +0000 2025,indonesia mendukung redenominasi purbaya - tandatangani petisi! lewat,netral,0.8491598963737488
125,Airlangga Hartarto Respons Rencana Redenominasi: Belum Dibahas Pemerintah Potensi Dampak Inflasi Tetap Ada #bahlillahadalia #kuningkeren #golkarindonesia #partaigolkar #golkarpedia https://t.co/y0nXate13i,,Thu Nov 20 23:59:00 +0000 2025,airlangga hartarto respons rencana redenominasi: belum dibahas pemerintah potensi dampak inflasi tetap ada bahlillahadalia kuningkeren golkarindonesia partaigolkar golkarpedia,netral,0.9812731742858887
126,Bank Indonesia memastikan rencana redenominasi rupiah yakni mengubah Rp1.000 menjadi Rp1 akan dilakukan pada waktu yang tepat. Simak selengkapnya: https://t.co/FuTct8rkBc https://t.co/yLY3NsM0ow,,Mon Nov 10 08:01:22 +0000 2025,bank indonesia memastikan rencana redenominasi rupiah yakni mengubah rp1.000 menjadi rp1 akan dilakukan pada waktu yang tepat. simak selengkapnya:,netral,0.97718346118927
127,after discussed with my mother redenominasi is good but kalo duit lo banyak yang cash ya ribet harus tukar ke bank spy gak hangus padahal begal marak skrg. ketakutannya itu sih &amp; lagi org tua di pedesaan yg gk ngerti urus hal2 gitu. kalo jd ya sosialisasi hrs baik nanti.,,Sun Nov 23 23:07:05 +0000 2025,after discussed with my mother redenominasi is good but kalo duit lo banyak yang cash ya ribet harus tukar ke bank supaya enggak hangus padahal begal marak skrg. ketakutannya itu sih &amp; lagi orang tua di pedesaan yang enggak mengerti urus hal-hal gitu. kalo jadi ya sosialisasi harus baik nanti.,negatif,0.995140790939331
128,MK Tolak Gugatan Redenominasi Rupiah: Itu Ranah Pembentuk UU https://t.co/yu0DL5NbHE Monitor Yth Bpk Presiden @prabowo @KejaksaanRI @Gerindra https://t.co/4tYwxP4UGP,,Tue Sep 09 16:08:11 +0000 2025,maka tolak gugatan redenominasi rupiah: itu ranah pembentuk uu monitor yth bpk presiden,netral,0.9831032752990723
129,@sharpandshark Dimasa orla sdh 3x redenominasi rupiah dan berakhir dgn inflasi tinggi. Semoga kali ini berhasil kalo gagal lagi gw kutuk lu semua jadi batu,,Tue Nov 11 01:40:08 +0000 2025,dimasa orla sudah 3x redenominasi rupiah dan berakhir dengan inflasi tinggi. semoga kali ini berhasil kalo gagal lagi gue kutuk lu semua jadi batu,negatif,0.9914122819900513
130,Mukhamad Misbakhun Tekankan Redenominasi Rupiah Harus Bertahap dan Terukur #61TahunGolkar #partaigolkar #golkarpedia #bahlillahadalia https://t.co/JEF2LiR07R https://t.co/K7MS0AsI3Q,,Mon Nov 17 11:22:18 +0000 2025,mukhamad misbakhun tekankan redenominasi rupiah harus bertahap dan terukur 61tahungolkar partaigolkar golkarpedia bahlillahadalia,netral,0.9827224016189575
131,Istana mulai mengkaji rencana redenominasi rupiah yakni penyederhanaan nilai uang seperti Rp1.000 menjadi Rp1 tanpa mengurangi daya beli. BRIN menyatakan siap memberi kajian ilmiah sementara Bank Indonesia menegaskan proses ini tidak bisa cepat karena butuh transisi aturan https://t.co/NVv4Gu95Wb,,Tue Nov 25 09:51:36 +0000 2025,istana mulai mengkaji rencana redenominasi rupiah yakni penyederhanaan nilai uang seperti rp1.000 menjadi rp1 tanpa mengurangi daya beli. brin menyatakan siap memberi kajian ilmiah sementara bank indonesia menegaskan proses ini tidak bisa cepat karena butuh transisi aturan,netral,0.8642540574073792
132,@TelemetrySTR @ARSIPAJA Purbaya juga ga setuju redenominasi. Ini media yg gajelas,,Tue Nov 11 23:56:17 +0000 2025,purbaya juga enggak setuju redenominasi. ini media yang enggak jelas,negatif,0.9921149611473083
133,@tanyarlfes Sudah redenominasi https://t.co/6TLwiBoFon,,Mon Nov 24 12:28:13 +0000 2025,sudah redenominasi,netral,0.9830157160758972
134,Wacana redenominasi atau penyederhanaan mata uang kembali muncul. Kali ini datang dari Rencana Strategis Kementerian Keuangan Tahun 2025-2029 yang baru saja diteken oleh Menteri Purbaya Yudhi Sadewa. #infoPKU #infoPKUgrafis https://t.co/ockCywZQwI,,Thu Nov 13 03:29:32 +0000 2025,wacana redenominasi atau penyederhanaan mata uang kembali muncul. kali ini datang dari rencana strategis kementerian keuangan tahun 2025-2029 yang baru saja diteken oleh menteri purbaya yudhi sadewa. infopku infopkugrafis,netral,0.978719174861908
135,@txtdarionlshop Sbnrnya tanpa sadar masyarakat sdh melakukan redenominasi sendiri. Selama ini masuknya kategori bahasa non formal bahasa tongkrongan. Ga ada aturan khusus tau sama tau aja. Misal 17 5 Kalo topiknya HP ya artinya 17juta500. Tapi kalo lg sama tukang sayur artinya jd 17rb500,,Mon Nov 10 07:05:43 +0000 2025,sbnrnya tanpa sadar masyarakat sudah melakukan redenominasi sendiri. selama ini masuknya kategori bahasa non formal bahasa tongkrongan. enggak ada aturan khusus tau sama tau aja. misal 17 5 kalo topiknya hp ya artinya 17juta500. tapi kalo lagi sama tukang sayur artinya jadi 17rb500,negatif,0.9907398223876953
136,@kompascom Redenominasi ini seperti reboot sistem keuangan jadi uang2 fisik yang tidak terdeteksi sistem BI mau tidak mau akan muncul. Tinggal aparat mau tegas atau tidak mempertanyakan asal uangnya dari mana,,Thu Nov 13 08:33:02 +0000 2025,redenominasi ini seperti reboot sistem keuangan jadi uang2 fisik yang tidak terdeteksi sistem bi mau tidak mau akan muncul. tinggal aparat mau tegas atau tidak mempertanyakan asal uangnya dari mana,negatif,0.9857103228569031
137,@Ges_Sit @sharpandshark @bank_indonesia Lhadhallaaahhhh BI kan lembaga independen bukan dibawah kementrian keuangan. Soal redenominasi kan itu juga baru RUU untuk jadi UU mungkin butuh waktu yang juga tidak sebentar. Prediksi (subyektif) andai harus jadi UU ya setelah 2029.,,Wed Nov 12 06:15:34 +0000 2025,lhadhallaaahhhh bi kan lembaga independen bukan dibawah kementrian keuangan. soal redenominasi kan itu juga baru ruu untuk jadi uu mungkin butuh waktu yang juga tidak sebentar. prediksi (subyektif) andai harus jadi uu ya setelah 2029.,negatif,0.9838185906410217
138,Mengapa pemerintah kembali menggaungkan redenominasi ada catatan penting apa di baliknya? #Ekonomi #AdadiKompas https://t.co/EEkLNSfk6l,,Tue Nov 11 09:21:39 +0000 2025,mengapa pemerintah kembali menggaungkan redenominasi ada catatan penting apa di baliknya? ekonomi adadikompas,netral,0.8848903179168701
139,@lelakicupu2204 thats what i thought agak repot kalo redenominasi memang,,Thu Nov 20 15:18:57 +0000 2025,thats what i thought agak repot kalo redenominasi memang,negatif,0.9594783782958984
140,Ketua Komisi XI DPR RI Mukhamad Misbakhun mengatakan redenominasi mata uang rupiah perlu dilakukan dengan transisi secara bertahap untuk menghindari risiko terhadap stabilitas perekonomian. Kami ingin kebijakan ini berjalan hati-hati dan tidak menimbulkan gangguan di https://t.co/vVAtyQqa0R,,Tue Nov 11 12:42:00 +0000 2025,ketua komisi xi dpr ri mukhamad misbakhun mengatakan redenominasi mata uang rupiah perlu dilakukan dengan transisi secara bertahap untuk menghindari risiko terhadap stabilitas perekonomian. kami ingin kebijakan ini berjalan hati-hati dan tidak menimbulkan gangguan di,positif,0.9567314386367798
141,@Dianaraahmaa WOWOWOW UDAH REDENOMINASI KAH RUPIAH INDO?!??,,Tue Nov 25 02:08:46 +0000 2025,wowowow sudah redenominasi kah rupiah indo?!??,negatif,0.9882587194442749
142,JAMBI HARI INI : (Kamis 13 November 2025) Redenominasi Rupiah Akan Memperkuat Citra Perekonomian Nasional.#News #jhi #JambiHariIni #TVRIJambi #MediaPemersatuBangsa https://t.co/GOomVFwnDA,,Thu Nov 13 11:16:46 +0000 2025,jambi hari ini : (kamis 13 november 2025) redenominasi rupiah akan memperkuat citra perekonomian nasional.news jhi jambihariini tvrijambi mediapemersatubangsa,netral,0.9806386828422546
143,https://t.co/hKNftGMPSy https://t.co/w0dwpPHdLL,,Wed Nov 12 02:23:15 +0000 2025,,positif,0.8911839723587036
144,@doaingwya AOWKWOO REDENOMINASI MAKASI,,Mon Dec 15 01:16:51 +0000 2025,aowkwoo redenominasi terima kasih,netral,0.9721164703369141
145,Duit gue sebenernya udh di redenominasi duluan guys ini 4juta lebih udh bisa beli tiket IYF VIP https://t.co/UucJW5URZ0,,Wed Nov 12 10:54:41 +0000 2025,duit gue sebenarnya sudah di redenominasi duluan guys ini 4juta lebih sudah bisa beli tiket iyf vip,netral,0.8471910357475281
146,Redenominasi Rupiah Butuh Persiapan Tiga Tahun DPR: Harus Dikaji Mendalam https://t.co/VoQ1KokTfz,,Wed Nov 12 08:51:57 +0000 2025,redenominasi rupiah butuh persiapan tiga tahun dpr: harus dikaji mendalam,netral,0.9806915521621704
147,Mari kita lihat satu per satu bagaimana redenominasi itu bisa mempengaruhi kehidupan finansial Anda. 1. Tabungan: Saldo di rekening Anda tidak berkurang nilainya hanya berubah tampilannya.,,Wed Nov 12 11:59:56 +0000 2025,mari kita lihat satu per satu bagaimana redenominasi itu bisa mempengaruhi kehidupan finansial anda. 1. tabungan: saldo di rekening anda tidak berkurang nilainya hanya berubah tampilannya.,positif,0.9149602651596069
148,@Kanseulir Tapi perlu dikaji secara cermat mengenai dampak inflasi akibat redenominasi. Misalnya harga barang yg semula Misalnya 1.713 Rupiah maka stlh redenominasi nilainya pasti dibulatkan ke ratusan terdekat yaitu 1.800 rupiah atau 1 8 Rupiah stlh redenominasi,,Tue Sep 09 12:02:44 +0000 2025,tapi perlu dikaji secara cermat mengenai dampak inflasi akibat redenominasi. misalnya harga barang yang semula misalnya 1.713 rupiah maka setelah redenominasi nilainya pasti dibulatkan ke ratusan terdekat yaitu 1.800 rupiah atau 1 8 rupiah setelah redenominasi,netral,0.8102529644966125
149, [THREAD] Redenominasi Rupiah Emang Penting Banget? Atau Cuma Gimik Ekonomi? Wacana redenominasi rupiah kembali hidup setelah Bank Sentral tegasan belum akan lakukan redenominasi Rupiah alias penghapusan tiga nol di belakang uang kita misalnya Rp1.000 jadi Rp1. Tapi... apa https://t.co/E67YjF6EZg,,Tue Nov 11 11:45:52 +0000 2025,[thread] redenominasi rupiah memang penting banget? atau cuma gimik ekonomi? wacana redenominasi rupiah kembali hidup setelah bank sentral tegasan belum akan lakukan redenominasi rupiah alias penghapusan tiga nol di belakang uang kita misalnya rp1.000 jadi rp1. tapi... apa,negatif,0.8051205277442932
150,@ARSIPAJA Nanti kalo sudah redenominasi...1 ringgit jadi 4 rupiah...,,Thu Nov 13 09:57:14 +0000 2025,nanti kalo sudah redenominasi...1 ringgit jadi 4 rupiah...,netral,0.9844324588775635
151,beritasatu. Menteri Keuangan Purbaya Yudhi Sadewa menegaskan Pemerintah belum membahas pelaksanaan kebijakan tersebut dalam waktu dekat ia menegaskan rencana redenominasi mata uang rupiah sepenuhnya menjadi kewenangan Bank Indonesia (BI). Pemerintah kata dia belum membahas https://t.co/YffnKuMjUM,,Tue Nov 11 05:18:52 +0000 2025,beritasatu. menteri keuangan purbaya yudhi sadewa menegaskan pemerintah belum membahas pelaksanaan kebijakan tersebut dalam waktu dekat ia menegaskan rencana redenominasi mata uang rupiah sepenuhnya menjadi kewenangan bank indonesia (bi). pemerintah kata dia belum membahas,netral,0.9827540516853333
152,@AbahBerry01 Dari Konten Tik Tok.??? Hadeeeew KaLo bikin Narasi yg cerdas Sedikit Redenominasi ga semudah itu Ferguso... Pemikiran dari Orang Yg jelas Keilmuannya ajja blm tentu pas dlm menyimpulkan Redenominasi La kog ini konten entah pemikiran anak SD mana di post,,Wed Sep 10 06:13:39 +0000 2025,dari konten tik tok.??? hadeeeew kalo bikin narasi yang cerdas sedikit redenominasi enggak semudah itu ferguso... pemikiran dari orang yang jelas keilmuannya saja belum tentu pas dalam menyimpulkan redenominasi lah kok ini konten entah pemikiran anak sd mana di post,negatif,0.9934036135673523
153,@Saham_fess setuju karena angka 0 dibelakang bisa mempengaruhi psikologis masyarakat berkaitan kenaikan harga. misalnya kenaikan harga 100 rupiah akan lebih bernilai setalah redenominasi,,Thu Nov 13 06:19:24 +0000 2025,setuju karena angka 0 dibelakang bisa mempengaruhi psikologis masyarakat berkaitan kenaikan harga. misalnya kenaikan harga 100 rupiah akan lebih bernilai setalah redenominasi,positif,0.8864346742630005
154,Secara matematis Sebelum Redenominasi 1066 4041 x 93773 0811 =99.999.998 155 Setelah Redenominasi 1066 4041 x 93 7731 = 100.000 0183 Atau 1066 4041 x 93 7730 = 99.999 912 Angkanya sudah beda tergantung pembulatan dan angka di belakang koma nah mau pakai yang mana?,,Wed Dec 10 18:13:22 +0000 2025,secara matematis sebelum redenominasi 1066 4041 kali 93773 0811 =99.999.998 155 setelah redenominasi 1066 4041 kali 93 7731 = 100.000 0183 atau 1066 4041 kali 93 7730 = 99.999 912 angkanya sudah beda tergantung pembulatan dan angka di belakang koma nah mau pakai yang mana?,negatif,0.8065766096115112
155,Kalo Redenominasi ini diterapin bisa nyederhanain dan efisiensi tiap transaksi. Kalo pake pecahan uang dengan nominal gede atau yg punya banyak nol kayak 100.000 ngebikin sisten pencatatan lebih kompleks. Nah katanya dengan nominal yg lebih simpel juga bakal nguatin citra,,Wed Nov 12 14:56:56 +0000 2025,kalo redenominasi ini diterapin bisa nyederhanain dan efisiensi tiap transaksi. kalo pakai pecahan uang dengan nominal gede atau yang punya banyak nol kayak 100.000 ngebikin sisten pencatatan lebih kompleks. nah katanya dengan nominal yang lebih simpel juga bakal nguatin citra,positif,0.7886414527893066
156,Apa itu REDENOMINASI?? Cek Selengkapnya ya !!!https://t.co/8nuAmIqD2u,,Sat Nov 15 11:09:11 +0000 2025,apa itu redenominasi?? cek selengkapnya ya !!!,negatif,0.9687720537185669
157,Kepala Badan Riset dan Inovasi Nasional (BRIN) Arif Satrio buka suara soal wacana redenominasi rupiah. Dia menyebut pihaknya siap memberikan rekomendasi terkait wacana tersebut. Selengkapnya : https://t.co/Zl2DaYp67v #vivacoid #brin #redenominasirupiah https://t.co/1qF3LH7zRL,,Mon Nov 24 13:00:10 +0000 2025,kepala badan riset dan inovasi nasional (brin) arif satrio buka suara soal wacana redenominasi rupiah. dia menyebut pihaknya siap memberikan rekomendasi terkait wacana tersebut. selengkapnya : vivacoid brin redenominasirupiah,netral,0.9812713265419006
158,Apa itu Redenominasi Rupiah? Ini Contoh Manfaat dan Tantangannya https://t.co/GiMhDCHenH,,Mon Nov 10 08:55:35 +0000 2025,apa itu redenominasi rupiah? ini contoh manfaat dan tantangannya,positif,0.9685844779014587
159,Redenominasi rupiah bisa berantas korupsi? NO. Sebab koruptor tak simpan cash money rupiah. Mereka sudah beli emas USD Euro atau beli saham. Banyak juga yg sudah titip ke jasa Laundry . Bahkan invest bikin server Jud0L.,,Thu Sep 11 07:16:53 +0000 2025,redenominasi rupiah bisa berantas korupsi? no. sebab koruptor tak simpan cash money rupiah. mereka sudah beli emas usd euro atau beli saham. banyak juga yang sudah titip ke jasa laundry . bahkan invest bikin server jud0l.,negatif,0.9798226952552795
160,@Areanesia24 klo jadi redenominasi berarti Rp24T aja ya? hmmmmmmm,,Mon Nov 10 14:02:04 +0000 2025,kalo jadi redenominasi berarti rp24t saja ya? hmmmmmmm,negatif,0.9897065162658691
161,@vuiturenoire di redenominasi jadi 19.000 atau cuma 19 lapangan kerja,,Thu Nov 13 03:14:46 +0000 2025,di redenominasi jadi 19.000 atau cuma 19 lapangan kerja,netral,0.9715598225593567
162,@kokokdirgantoro Mari Kita dorong redenominasi rupiah segera dilakukan mas supaya semua uang fisik yg masih di tangan koruptor ditukar dan didata kalau tidak mau jadi tak ada harganya.,,Wed Sep 10 09:19:18 +0000 2025,mari kita dorong redenominasi rupiah segera dilakukan mas supaya semua uang fisik yang masih di tangan koruptor ditukar dan didata kalau tidak mau jadi tak ada harganya.,negatif,0.9849525094032288
163,Bayangin kalian bisa beli kopi cuma Rp20? Bukan mimpi tapi bisa aja kejadian kalo redenominasi Rupiah beneran jalan Nilainya tetap sama cuma angka rupiahnya yang lebih simpel. https://t.co/RRlm83tnWS,,Tue Nov 18 07:53:44 +0000 2025,bayangkan kalian bisa beli kopi cuma rp20? bukan mimpi tapi bisa saja kejadian kalo redenominasi rupiah benaran jalan nilainya tetap sama cuma angka rupiahnya yang lebih simpel.,negatif,0.9942944645881653
164,Redenominasi tuh bukan pemotongan nilai tapi penyederhanaan biar semua makin efisien. https://t.co/1uz1pNZY1y,,Wed Nov 12 06:41:42 +0000 2025,redenominasi tuh bukan pemotongan nilai tapi penyederhanaan biar semua makin efisien.,positif,0.8257778286933899
165,Akhirnya Gubernur Bank Indonesia (BI) Perry Warjiyo buka suara soal isu redenominasi rupiah alias penyederhanaan nilai uang. Tapi tenang dulu BI belum akan menerapkan redenominasi dalam waktu dekat.,,Thu Nov 13 08:10:54 +0000 2025,akhirnya gubernur bank indonesia (bi) perry warjiyo buka suara soal isu redenominasi rupiah alias penyederhanaan nilai uang. tapi tenang dulu bi belum akan menerapkan redenominasi dalam waktu dekat.,netral,0.9621644616127014
166,INDONESIA MENDUKUNG REDENOMINASI PURBAYA - Tandatangani Petisi! https://t.co/LBTcKwUBtJ lewat @ChangeOrg_ID,,Wed Nov 12 03:42:13 +0000 2025,indonesia mendukung redenominasi purbaya - tandatangani petisi! lewat,netral,0.8491598963737488
167,@Chico_Cahya Bisa ditutup-tutupin pake redenominasi.,,Sun Jan 18 04:56:36 +0000 2026,bisa ditutup-tutupin pakai redenominasi.,netral,0.9834301471710205
168,@MrOngDedy Redenominasi jadi ga sih?,,Thu Jan 29 12:58:04 +0000 2026,redenominasi jadi enggak sih?,negatif,0.9592604637145996
169,Redenominasi bikin sistem pembayaran lebih praktis bikin rakyat lebih nyaman belanja sehari-hari. https://t.co/ONVdrxtH5j,,Fri Nov 21 22:59:09 +0000 2025,redenominasi bikin sistem pembayaran lebih praktis bikin rakyat lebih nyaman belanja sehari-hari.,positif,0.9764824509620667
170,Redenominasi tengah dikaji sejak 2013 hingga sekarang Ekonom dan Pengamat Kebijakan Publik Ichsanuddin Noorsy mengatakan hal tersebut menunjukkan sistem perekonomian yang dianut di Indonesia itu salah dan gagal sehingga harus diperbaiki akar masalahnya dan bukan menghilangkan https://t.co/CjmIahWb1k,,Tue Jan 13 13:10:00 +0000 2026,redenominasi tengah dikaji sejak 2013 hingga sekarang ekonom dan pengamat kebijakan publik ichsanuddin noorsy mengatakan hal tersebut menunjukkan sistem perekonomian yang dianut di indonesia itu salah dan gagal sehingga harus diperbaiki akar masalahnya dan bukan menghilangkan,negatif,0.9839563965797424
171,@SosmedAnu redenominasi belum terjadi itu mah emang saldo anda saja tinggal sgitu,,Mon Nov 10 07:01:00 +0000 2025,redenominasi belum terjadi itu mah memang saldo anda saja tinggal sgitu,negatif,0.9857420921325684
172,Menkeu Siap Redenominasi Rupiah: Mengapa Uang Kita Mau Dipangkas Nolnya? https://t.co/7jBR8pUwBI,,Mon Nov 10 06:49:52 +0000 2025,menkeu siap redenominasi rupiah: mengapa uang kita mau dipangkas nolnya?,netral,0.8244802355766296
173,Iya Redenominasi jangan secara mendadak https://t.co/MxqGB8l553,,Tue Nov 25 08:50:25 +0000 2025,iya redenominasi jangan secara mendadak,netral,0.8046872615814209
174,@calcduc After redenominasi bisa lahh. Ginikan maksudnyaa.. masih lebih ituu ️ https://t.co/rCcVaGfWP5,,Sun Nov 16 09:16:48 +0000 2025,after redenominasi bisa lahh. ginikan maksudnyaa.. masih lebih itu,negatif,0.9897247552871704
175,Banggar DPR Wanti-wanti Potensi Permainan Harga karena Redenominasi Rupiah Baca selengkapnya: https://t.co/8fRduJLbJK ~RKD #DPR #Redenominasi #Rupiah,,Tue Nov 11 07:49:18 +0000 2025,banggar dpr wanti-wanti potensi permainan harga karena redenominasi rupiah baca selengkapnya: ~rkd dpr redenominasi rupiah,netral,0.9806375503540039
176,Maaf izin tanya apa benar ya katanya ada redenominasi uang? Berarti kalau uang saya segini itu artinya 6juta seratus 12 ribu kan ya? https://t.co/wEHi3pIsyX,,Wed Nov 26 02:38:01 +0000 2025,maaf izin tanya apa benar ya katanya ada redenominasi uang? berarti kalau uang saya segini itu artinya 6juta seratus 12 ribu kan ya?,negatif,0.9308245778083801
177,https://t.co/D8cA4gyei0,,Mon Nov 10 08:51:50 +0000 2025,,positif,0.8911839723587036
178,bro udh redenominasi duluan,,Thu Nov 13 13:36:38 +0000 2025,bro sudah redenominasi duluan,netral,0.8257856369018555
179,Wacana Redenominasi: Ekonom Ingatkan Syarat Waktu hingga Sebut Tak Ada Keuntungan untuk Perekonomian https://t.co/FDfmNuYtd3,,Mon Nov 24 22:56:59 +0000 2025,wacana redenominasi: ekonom ingatkan syarat waktu hingga sebut tak ada keuntungan untuk perekonomian,netral,0.9808315634727478
180,Manfaat Redenominasi Rupiah : Langkah Modernisasi Nilai Uang Bukan Pemotongan! https://t.co/xCBQHNTy3a,,Mon Nov 10 08:26:25 +0000 2025,manfaat redenominasi rupiah : langkah modernisasi nilai uang bukan pemotongan!,netral,0.9758732914924622
181,Gubernur BI Tegaskan Redenominasi Tak Pangkas Nilai Rupiah Harga Tetap Sama https://t.co/ts7k3Fg5pk,,Tue Nov 18 03:00:00 +0000 2025,gubernur bi tegaskan redenominasi tak pangkas nilai rupiah harga tetap sama,netral,0.9592015743255615
182,BI pastikan fokus pada stabilitas dan pertumbuhan bukan redenominasi dulu Baca terus https://t.co/dugVKIaua2 dan dapatkan berita ekonomi terkini dari program Investor Daily di Beritasatu TV. #Investordaily #BI #PerryWarjiyo #RedenominasiRupiah #SaatnyaIndonesiaBerbenah https://t.co/yNYpPRhyjy,,Thu Nov 13 02:45:51 +0000 2025,bi pastikan fokus pada stabilitas dan pertumbuhan bukan redenominasi dulu baca terus dan dapatkan berita ekonomi terkini dari program investor daily di beritasatu tv. investordaily bi perrywarjiyo redenominasirupiah saatnyaindonesiaberbenah,netral,0.9746195673942566
183,@RaditRadit12825 @Zeozeeoo @SolaceAmerta Typo kak denominalisasi bukan redenominasi; nominasi apaan? Negara paling awokwowk?,,Wed Jan 21 12:22:27 +0000 2026,typo kak denominalisasi bukan redenominasi; nominasi apaan? negara paling awokwowk?,negatif,0.9511818885803223
184,Redenominasi rupiah yes tapi saldo di bank jangan ikutan dikurangin 0nya ya plis banget ini mah,,Mon Nov 10 06:02:52 +0000 2025,redenominasi rupiah yes tapi saldo di bank jangan ikutan dikurangin 0nya ya plis banget ini mah,negatif,0.9850159883499146
185,REDENOMINASI dalam Kondisi saat ini adalah KELAKUAN KERA YANG TAK MEMAHAMI SUBSTANSI DASAR BISA DILAKUKANNYA REDENOMINASI Ada Prasyarat Utama berupa 1. DEVISA Negara dengan Penduduk 300 Juta Jiwa harus lebih besar atau sama dengan $ 500 Billion US Dollar 2. Persetujuan Treasury,,Thu Nov 13 09:02:41 +0000 2025,redenominasi dalam kondisi saat ini adalah kelakuan kera yang tak memahami substansi dasar bisa dilakukannya redenominasi ada prasyarat utama berupa 1. devisa negara dengan penduduk 300 juta jiwa harus lebih besar atau sama dengan $ 500 billion us dollar 2. persetujuan treasury,negatif,0.9804060459136963
186,emang dikira koruptor segoblok oknum hakim yg nyimpan duit dibawah kasur. kalau ini mah berantas koruptor gagal kondisi ekonomi negara bisa anjlok dgn redenominasi sanering mata uang. berantas koruptor ya perampasan aset dimiskinkan dihukum mati. ,,Tue Sep 09 10:42:54 +0000 2025,memang dikira koruptor segoblok oknum hakim yang nyimpan duit dibawah kasur. kalau ini mah berantas koruptor gagal kondisi ekonomi negara bisa anjlok dengan redenominasi sanering mata uang. berantas koruptor ya perampasan aset dimiskinkan dihukum mati.,negatif,0.9959455132484436
187,Redenominasi bukan tentang berapa nol yang dihapus tetapi seberapa besar kita mampu menjaga nilai di baliknya. #Headline https://t.co/yG01TswerC,,Thu Nov 13 02:45:00 +0000 2025,redenominasi bukan tentang berapa nol yang dihapus tetapi seberapa besar kita mampu menjaga nilai di baliknya. headline,netral,0.7504234910011292
188,@NiBapakLoe @KangManto123 Berita itu benar ada tapi isinya prediksi dan target. Artikel CNBC ramal dolar ke Rp 17.000 tahun depan (pelemahan rupiah) sementara Radar Jogja laporkan Prabowo targetkan Rp 5.000 dalam 5-10 tahun via hilirisasi. Saat ini kurs USD/IDR sekitar Rp 16.600. Redenominasi rupiah,,Wed Nov 26 05:23:15 +0000 2025,berita itu benar ada tapi isinya prediksi dan target. artikel cnbc ramal dolar ke rp 17.000 tahun depan (pelemahan rupiah) sementara radar jogja laporkan prabowo targetkan rp 5.000 dalam 5-10 tahun via hilirisasi. saat ini kurs usd/idr sekitar rp 16.600. redenominasi rupiah,netral,0.9684333205223083
189,@kotakmakan Gara2 redenominasi harga nasgor jadi 15 ribu,,Tue Nov 11 12:54:17 +0000 2025,gara-gara redenominasi harga nasgor jadi 15 ribu,netral,0.9736474752426147
190,@HermawanArt3 @Giiselje Coba jelaskan gimana ceritanya redenominasi itu menyusahkan koruptor? Bahkan anak dan purbaya nya sendiri pun gk begitu setuju redenominasi purbaya bilang ke pers biar redenominasi urusan BI,,Wed Nov 12 11:19:11 +0000 2025,coba jelaskan bagaimana ceritanya redenominasi itu menyusahkan koruptor? bahkan anak dan purbaya nya sendiri pun enggak begitu setuju redenominasi purbaya bilang ke pers biar redenominasi urusan bi,negatif,0.9957441687583923
191,Ekonom IEI Dorong Pemerintah Percepat Redenominasi Rupiah: Kondisi Ekonomi Sudah Lebih Siap dari 10 Tahun Lalu https://t.co/f5EZ8HJsjs #IEI #redenominasi #rupiah #bitvonline,,Sun Nov 16 02:01:59 +0000 2025,ekonom iei dorong pemerintah percepat redenominasi rupiah: kondisi ekonomi sudah lebih siap dari 10 tahun lalu iei redenominasi rupiah bitvonline,netral,0.975746750831604
192,@sharpandshark Kalo gue sih mikirnya redenominasi bakal ngebuka uang tunai dari para koruptor sih soalnya mau gak mau mereka bakal nuker uang ke bank dan kalo itu pejabat uangnya bisa dilacak kan sumbernya dari mana sesuai nggak sama pelaporan harta ketika mau ngejabat,,Tue Nov 11 01:14:43 +0000 2025,kalo gue sih mikirnya redenominasi bakal ngebuka uang tunai dari para koruptor sih soalnya mau enggak mau mereka bakal nuker uang ke bank dan kalo itu pejabat uangnya bisa dilacak kan sumbernya dari mana sesuai enggak sama pelaporan harta ketika mau ngejabat,negatif,0.9956102967262268
193,@gesangwnugroho @sharpandshark Lah koruptor mah redenominasi blom resmi pasti dah tau duluan. Ga mungkin banget mereka kecolongan hal besar kaya gini. Pasti udah antisipasi,,Tue Nov 11 05:50:31 +0000 2025,lah koruptor mah redenominasi belum resmi pasti deh tau duluan. enggak mungkin banget mereka kecolongan hal besar kayak gini. pasti sudah antisipasi,negatif,0.9954015016555786
194,Redenominasi bikin sistem keuangan lebih jernih jadi gampang lacak duit yang mencurigakan. https://t.co/nrRe79ZeE1,,Fri Nov 21 06:28:46 +0000 2025,redenominasi bikin sistem keuangan lebih jernih jadi gampang lacak duit yang mencurigakan.,positif,0.9220465421676636
195,Berita viral minggu ini! Dari berita redenominasi Rupiah hingga diskon promo komik Elex Media dan Shikisai di booth Comifuro 21! Jangan lupa buat kamu yang datang ke Comifuro hari ini dapatkan diskon spesial tiket Festival Komik Shikisai https://t.co/lkdS4WMnNx,,Sat Nov 15 23:00:27 +0000 2025,berita viral minggu ini! dari berita redenominasi rupiah hingga diskon promo komik elex media dan shikisai di booth comifuro 21! jangan lupa buat kamu yang datang ke comifuro hari ini dapatkan diskon spesial tiket festival komik shikisai,netral,0.7781638503074646
196,Banggar DPR RI Ingatkan Pemerintah Tak Gegabah Jalankan Kebijakan Redenominasi https://t.co/yE8OaV9DRA,,Tue Nov 11 11:35:20 +0000 2025,banggar dpr ri ingatkan pemerintah tak gegabah jalankan kebijakan redenominasi,netral,0.9777469038963318
197,@Tokocrypto Redenominasi dan rebranding dari MKR ke SKY bakal jadi katalis besar buat ekosistem. Harga per token memang turun drastis karena supply naik (1 MKR jadi 24.000 SKY) tapi valuasi market tetap terjaga mekanisme staking &amp; reward di SKY bikin narrative governance makin menarik.,,Thu Sep 11 12:33:19 +0000 2025,redenominasi dan rebranding dari mkr ke sky bakal jadi katalis besar buat ekosistem. harga per token memang turun drastis karena supply naik (1 mkr jadi 24.000 sky) tapi valuasi market tetap terjaga mekanisme staking &amp; reward di sky bikin narrative governance makin menarik.,positif,0.9748697280883789
198,Lho? Jadi sebenarnya kepengenan siapa sich redenominasi ini?,,Wed Nov 12 06:30:27 +0000 2025,lho? jadi sebenarnya kepengenan siapa sih redenominasi ini?,negatif,0.9923712015151978
199,@unsoedmfs redenominasi sepenting itu klo masalah kek gini masih bermunculan,,Fri Jan 23 15:59:29 +0000 2026,redenominasi sepenting itu kalo masalah kayak begini masih bermunculan,negatif,0.8972312808036804
